{"initial_reset_timestamp": 1722792060.44234, "timestamps": [1722792065.1197145], "episode_lengths": [200], "episode_rewards": [-9.118459993055511], "episode_types": ["t"]}